city,n,fraud_rate
Unknown City,6983706,0.20867603184287836
Los Angeles,49494,0.07620911792673701
San Jose,50015,0.0755736535014577
Phoenix,50333,0.07526786402715527
Philadelphia,49914,0.07499752452380286
San Diego,50425,0.07485548684765878
San Antonio,50079,0.07468118027684827
New York,49805,0.07422995864642341
Chicago,49912,0.07420709385723676
Houston,49957,0.07386504102040818
Dallas,50126,0.07281842024647357
