card_type,n,fraud_rate
Basic Credit,1415469,0.19973570379803013
Gold Credit,1447260,0.1997320369840064
Premium Debit,1539661,0.199727134331224
Basic Debit,1548363,0.1997212932373173
Platinum Credit,1533013,0.19971803240275918
