is_high_risk_vendor,n,fraud_rate
True,1871963,0.19997944883970092
False,5611803,0.19964441801431473
