vendor_category,n,fraud_rate
Travel,935790,0.20033495016184605
Grocery,934029,0.20021023457619108
Restaurant,936178,0.19971358829686128
Gas,935401,0.19970627914605601
Entertainment,936173,0.19962680569052646
Education,933542,0.19945127158090886
Retail,935883,0.19940951082364217
Healthcare,936770,0.1993826008762278
